logged_at,run_id,world,elapsed_seconds,start_population,final_population,start_base_damage,final_base_damage,start_shot_damage,final_shot_damage,start_fire_rate,final_fire_rate,start_volley_multiplier,final_volley_multiplier,start_dps,final_dps,dps_growth,gold_before_reward,enemy_kills,cards
20260907-202550-463121,20260907-202405-214564,1,105.255,1,756,10.0,10.0,10.0,7560.0,8.0,8.0,1.0,1.0,80.0,60480.0,756.0,14,74,
20260907-202807-019384,20260907-202405-214564,2,105.812,1,979,10.0,10.0,10.0,9790.0,8.24,8.24,1.0,1.0,82.4,80669.6,979.0,21,86,growth_fire;refresh_deal;elite_damage;dividend
20260907-203049-490513,20260907-202405-214564,3,103.49,10,1943,11.0,11.0,110.0,28853.55,10.176,10.176,1.0,1.0,1119.36,293613.7248,262.305,34,97,growth_fire;elite_damage;dividend;growth_recovery+population;runner
20260907-203336-683323,20260907-202405-214564,4,102.299,17,3507,11.0,11.0,187.0,38577.0,11.424,11.424,1.0,1.0,2136.288,440703.648,206.2941,72,106,growth_fire;dividend;growth_recovery+population;splash+population;gate_master+fire_rate
20260907-203648-278050,20260907-202405-214564,5,104.992,8,5669,11.0,11.0,88.0,62359.0,11.712,16.512,1.0,1.0,1030.656,1029671.808,999.0451,128,150,growth_fire;splash+population;gate_master+fire_rate;resonance;population_fire
20260907-203907-638737,20260907-202405-214564,6,97.939,10,7804,15.0,15.0,138.0,107695.2,14.04,24.44,1.0,1.0,1937.52,2632070.688,1358.4741,147,175,splash+population;gate_master+fire_rate;resonance;population_fire;overclock
20260907-204240-120860,20260907-202405-214564,7,95.931,5,502019,15.0,15.0,131.25,18825712.5,11.44,16.64,1.9,1.9,2852.85,595193726.4,208631.2727,237,227,gate_master+fire_rate;resonance;population_fire;shotgun;rich_damage
20260907-204422-244283,20260907-202405-214564,8,94.394,5,1462681,15.0,15.0,183.75,69111677.25,11.44,21.84,1.9,1.9,3993.99,2867858159.166,718043.4,434,324,gate_master+fire_rate;resonance;population_fire;shotgun;rich_damage
20260907-210355-941805,20260907-210159-894742,1,116.054,1,572,10.0,10.0,10.0,5720.0,8.0,8.0,1.0,1.0,80.0,45760.0,572.0,9,81,
20260907-210713-518280,20260907-210529-399105,1,104.126,1,1243,10.0,10.0,10.0,12430.0,8.0,8.0,1.0,1.0,80.0,99440.0,1243.0,14,74,
20260907-210928-991427,20260907-210529-399105,2,96.949,3,2377,11.0,11.0,33.0,26147.0,8.0,12.0,1.3,1.3,343.2,407893.2,1188.5,29,83,double_shot;growth_recovery
20260907-211130-503677,20260907-210529-399105,3,97.883,5,5072,11.0,11.0,55.0,75319.2,8.0,12.0,1.3,1.3,572.0,1174979.52,2054.16,56,91,double_shot;growth_recovery;gate_master;population_fire;special_profit
20260907-211416-814323,20260907-210529-399105,4,97.192,11,9213,12.0,12.0,132.0,149250.6,9.6,14.4,1.5,1.5,1900.8,3223812.96,1696.0295,71,110,growth_recovery;gate_master;population_fire;triple_shot;growth_gate
20260907-211741-122021,20260907-210529-399105,5,93.289,9,84504,13.0,13.0,124.02,1548958.32,10.816,16.016,1.5,1.5,2012.1005,37212174.6797,18494.193,45,126,gate_master;population_fire;triple_shot;gate_damage;growth_core
20260907-211949-864565,20260907-210529-399105,6,95.704,7,152982,14.0,14.0,122.5,3105534.6,10.4,20.8,1.5,1.5,1911.0,96892679.52,50702.6057,93,156,gate_master;population_fire;triple_shot;gate_damage;rich_damage+damage
20260907-212143-087408,20260907-210529-399105,7,99.776,7,122747,16.0,16.0,156.8,3731508.8,10.4,15.6,1.5,1.5,2446.08,87317305.92,35696.8316,115,213,gate_master;population_fire;triple_shot;gate_damage;rich_damage+damage
20260907-212323-503399,20260907-210529-399105,8,95.324,7,118713,16.0,16.0,190.4,4273668.0,10.4,15.6,1.5,1.5,2970.24,100003831.2,33668.6029,184,298,gate_master;population_fire;triple_shot;gate_damage;rich_damage+damage
20260907-213440-686783,20260907-213246-888643,1,113.805,1,451,10.0,10.0,10.0,4510.0,8.0,8.0,1.0,1.0,80.0,36080.0,451.0,9,76,
20260907-213659-671847,20260907-213246-888643,2,106.712,3,940,11.0,11.0,33.0,10340.0,9.064,9.064,1.0,1.0,299.112,93721.76,313.3333,17,85,growth_fire
20260907-213854-787268,20260907-213246-888643,3,99.405,8,5859,11.0,11.0,88.0,87006.15,9.328,9.328,1.9,1.9,1559.6416,1542027.3977,988.7063,35,94,growth_fire;move_speed+population;shotgun
20260907-214110-391713,20260907-213246-888643,4,99.958,8,5208,11.0,11.0,96.8,91660.8,8.8,8.8,1.9,1.9,1618.496,1532568.576,946.9091,51,113,move_speed+population;shotgun;rich_damage;gate_damage;fast_bullet
20260907-214307-970653,20260907-213246-888643,5,91.156,3,286002,11.0,11.0,37.95,4089828.6,11.2,11.2,1.9,1.9,807.576,87031552.608,107768.8696,63,130,shotgun;rich_damage;gate_damage;growth_gate;gate_master
20260907-214459-631866,20260907-213246-888643,6,101.127,5,24166,13.0,13.0,78.0,486944.9,12.0,12.0,1.9,1.9,1778.4,11102343.72,6242.8833,46,164,shotgun;rich_damage;gate_damage;growth_gate;gate_master
20260907-214706-322843,20260907-213246-888643,7,107.09,9,11955,14.0,14.0,138.6,200844.0,12.0,12.0,1.9,1.9,3160.08,4579243.2,1449.0909,43,234,shotgun;rich_damage;gate_damage;growth_gate;gate_master
20260907-215712-542176,20260907-215514-562574,1,116.992,1,488,10.0,10.0,10.0,4880.0,8.0,8.0,1.0,1.0,80.0,39040.0,488.0,9,81,
20260907-215907-878431,20260907-215514-562574,2,95.52,12,3331,10.0,10.0,120.0,33310.0,8.0,12.0,1.0,1.0,960.0,399720.0,416.375,13,83,population_fire+population;gate_damage;recruit;pierce
20260907-220108-437013,20260907-215514-562574,3,94.879,11,13926,10.0,10.0,110.0,139260.0,8.0,12.0,1.3,1.3,1144.0,2172456.0,1899.0,41,96,population_fire+population;gate_damage;pierce;boss_bounty+population;double_shot
20260907-220258-953080,20260907-215514-562574,4,94.853,11,23127,10.0,10.0,110.0,231270.0,8.0,12.0,1.9,1.9,1672.0,5272956.0,3153.6818,87,113,population_fire+population;gate_damage;pierce;boss_bounty+population;shotgun
20260907-220507-745165,20260907-215514-562574,5,93.477,8,63715,11.0,11.0,88.0,700865.0,8.8,13.2,1.9,1.9,1471.36,17577694.2,11946.5625,122,133,population_fire+population;gate_damage;pierce;shotgun;growth_gate
20260907-220710-922791,20260907-215514-562574,6,95.314,14,36230,13.0,13.0,192.92,664095.9,10.816,16.016,1.9,1.9,3964.5832,20208703.8754,5097.3086,122,158,population_fire+population;gate_damage;shotgun;growth_gate;growth_core
20260907-220919-712543,20260907-215514-562574,7,95.942,12,47476,13.0,13.0,156.0,833203.8,11.44,16.64,1.9,1.9,3390.816,26342571.3408,7768.8,182,210,population_fire+population;gate_damage;shotgun;growth_gate;gate_master+fire_rate
20260907-221117-086314,20260907-215514-562574,8,96.796,20,67229,17.0,17.0,340.0,1142893.0,13.8,25.2,1.9,1.9,8914.8,54721716.84,6138.3,15,314,population_fire+population;gate_damage;shotgun;growth_gate;gate_master+fire_rate
20260907-223616-614477,20260907-223433-812949,1,102.819,1,631,10.0,10.0,10.0,8518.5,8.0,8.0,1.0,1.0,80.0,68148.0,851.85,14,72,
20260907-223812-475792,20260907-223433-812949,2,91.548,6,587567,11.0,11.0,66.0,6463237.0,8.8,11.2,1.3,1.3,755.04,94104730.72,124635.4242,22,78,armor;double_shot;soft_contact+population;ramp_fire+fire_rate;pierce+damage
20260907-224045-392838,20260907-223433-812949,3,97.191,6,7063,11.0,11.0,66.0,132078.1,8.8,11.2,1.0,1.0,580.8,1479274.72,2546.9606,28,95,soft_contact+population;ramp_fire+fire_rate;pierce+damage;dividend;still_shot
20260907-224327-152964,20260907-223433-812949,4,114.012,6,2058,12.0,12.0,72.0,24696.0,9.68,12.32,1.0,1.0,696.96,304254.72,436.5455,29,119,soft_contact+population;ramp_fire+fire_rate;pierce+damage;still_shot;vampire
20260907-224601-105586,20260907-223433-812949,5,109.572,6,4527,12.0,12.0,72.0,54324.0,9.68,10.5943,1.0,1.0,696.96,575525.8397,825.766,21,131,soft_contact+population;ramp_fire+fire_rate;pierce+damage;still_shot;composure
20260907-224758-479453,20260907-223433-812949,6,96.289,8,32032,15.0,15.0,120.0,8072064.0,8.8,13.2,1.0,1.0,1056.0,106551244.8,100900.8,14,139,soft_contact+population;pierce+damage;composure;loss_rage
20260907-225214-625407,20260907-225019-815318,1,111.269,1,453,10.0,10.0,10.0,4530.0,8.0,8.0,1.0,1.0,80.0,36240.0,453.0,7,75,
20260907-225410-511065,20260907-225019-815318,2,98.053,6,2060,11.5,11.5,69.0,31981.5,8.0,12.0,1.0,1.0,552.0,383778.0,695.25,20,82,growth_damage+damage;population_fire;vampire+population
20260907-225611-935962,20260907-225019-815318,3,95.622,6,9753,12.0,12.0,72.0,157998.6,8.8,12.8,1.3,1.3,1256.112,4009372.4736,3191.8909,46,93,growth_damage+damage;population_fire;vampire+population;critical_focus;double_shot+fire_rate
20260907-225840-269969,20260907-225019-815318,4,95.437,1,16977,13.5,13.5,13.5,229189.5,8.0,16.0,1.9,1.9,312.93,10625225.22,33954.0,32,110,growth_damage+damage;population_fire;critical_focus;shotgun;fast_bullet
20260907-230045-458967,20260907-225019-815318,5,94.018,5,29688,16.0,16.0,80.0,641260.8,9.6,14.4,1.9,1.9,2225.28,26755965.6192,12023.64,15,129,growth_damage+damage;population_fire;critical_focus;shotgun;card_deal
20260907-230259-644305,20260907-225019-815318,6,93.485,5,811828,16.5,16.5,82.5,13395162.0,9.6,14.4,1.9,1.9,1504.8,366491632.32,243548.4,16,149,growth_damage+damage;population_fire;shotgun;composure
20260907-230520-555503,20260907-230334-257094,1,106.315,1,897,10.0,10.0,10.0,8970.0,8.0,8.0,1.0,1.0,80.0,71760.0,897.0,14,72,
20260907-230726-653321,20260907-230334-257094,2,98.059,7,2814,10.0,10.0,70.0,28140.0,8.0,14.4,1.0,1.0,560.0,405216.0,723.6,27,78,refresh_deal;growth_population+population;ramp_fire;gate_damage
20260907-230945-874852,20260907-230334-257094,3,96.669,10,11904,11.0,11.0,110.0,130944.0,9.68,9.68,1.5,1.5,1597.2,1901306.88,1190.4,38,94,refresh_deal;growth_population+population;gate_damage;fire_rate;triple_shot
20260907-231151-380308,20260907-230334-257094,4,96.197,11,30548,11.0,11.0,121.0,336028.0,8.8,17.6,1.9,1.9,3085.258,17136083.888,5554.1818,57,112,growth_population+population;gate_damage;shotgun;population_fire;critical_focus
20260907-231348-037114,20260907-230334-257094,5,94.995,3,101088617,11.0,11.0,33.0,4447899148.0,8.8,17.6,1.9,1.9,841.434,226825064951.408,269569645.3333,95,129,shotgun;population_fire;critical_focus;pierce;composure
20260907-231531-671752,20260907-230334-257094,6,90.474,13,784859,14.0,14.0,182.0,43952104.0,8.8,13.2,1.9,1.9,4640.636,1681036121.688,362242.6154,44,150,shotgun;population_fire;critical_focus;pierce;composure
20260907-231835-780343,20260907-230334-257094,7,94.643,13,336588,14.0,14.0,182.0,28273392.0,8.8,17.6,1.3,1.3,3175.172,986515193.664,310696.6154,19,191,population_fire;critical_focus;pierce;composure;double_shot
20260907-232035-583285,20260907-230334-257094,8,93.574,13,677689,14.0,14.0,182.0,66413522.0,8.8,13.2,1.9,1.9,3043.04,1665651131.76,547364.1923,15,320,population_fire;pierce;composure;resonance;shotgun
20260908-015219-170040,20260908-015012-533460,1,101.348,1,1283,10.0,10.0,10.0,12830.0,8.0,12.0,1.0,1.0,80.0,153960.0,1924.5,14,79,
20260908-015416-205440,20260908-015012-533460,2,95.889,3,4307,11.0,11.0,33.0,63958.95,8.8,8.8,1.5,1.5,435.6,844258.14,1938.15,27,83,triple_shot
20260908-015657-531384,20260908-015012-533460,3,112.115,3,1414,11.0,11.0,66.0,15554.0,8.8,8.8,1.5,1.5,958.32,225844.08,235.6667,38,102,triple_shot;refresh_deal;critical_focus;low_population
20260908-015933-459925,20260908-015012-533460,4,101.465,3,5672,11.0,11.0,33.0,62392.0,8.8,9.7944,1.9,1.9,551.76,1161075.1891,2104.312,53,117,refresh_deal;shotgun;gate_damage;population_fire;phase_move
20260908-020601-665256,20260908-020419-513834,1,102.169,1,1448,10.0,10.0,10.0,14480.0,8.0,8.0,1.0,1.0,80.0,115840.0,1448.0,14,74,
20260908-020824-294963,20260908-020419-513834,2,100.441,6,1371,12.0,12.0,72.0,16452.0,8.8,12.8,1.0,1.0,665.28,221114.88,332.3636,21,78,fire_rate;critical_chance;saving;damage+population;still_shot
20260908-021314-513784,20260908-021130-766400,1,103.764,1,622,10.0,10.0,10.0,6220.0,8.0,8.0,1.0,1.0,80.0,49760.0,622.0,14,77,
20260908-021519-924041,20260908-021130-766400,2,100.9,1,2410,11.0,11.0,11.0,26510.0,8.0,12.0,1.5,1.5,132.0,477180.0,3615.0,35,87,phase_move+damage;triple_shot
20260908-021806-390163,20260908-021130-766400,3,98.899,5,5479,12.0,12.0,55.2,83499.96,10.0,12.4,1.5,1.5,828.0,1553099.256,1875.7237,39,97,phase_move+damage;triple_shot;growth_recovery;ramp_fire;overclock
20260908-022013-661969,20260908-021130-766400,4,94.266,7,10401,12.0,12.0,77.28,158511.24,13.0,16.12,1.5,1.5,1506.96,3832801.7832,2543.3998,44,110,phase_move+damage;triple_shot;growth_recovery;ramp_fire;overclock
20260908-022446-629956,20260908-022302-545151,1,104.103,1,655,10.0,10.0,10.0,6550.0,8.0,8.0,1.0,1.0,80.0,52400.0,655.0,14,73,
20260908-022712-384478,20260908-022302-545151,2,102.953,1,2721,10.0,10.0,10.0,27210.0,8.0,13.632,1.5,1.5,120.0,556390.08,4636.584,14,83,triple_shot;population_fire;high_population;still_shot
20260908-022909-386259,20260908-022302-545151,3,95.299,3,13352,11.0,11.0,33.0,146872.0,9.6,13.6032,1.5,1.5,498.96,3146738.4749,6306.5947,15,93,triple_shot;population_fire;high_population;still_shot;critical_chance+damage
20260908-023125-403054,20260908-022302-545151,4,100.069,5,6249,11.0,11.0,58.3,107232.84,9.984,15.9744,1.5,1.5,916.7558,2697943.9399,2942.9253,13,112,triple_shot;population_fire;still_shot;critical_chance+damage;growth_core
20260908-023322-548711,20260908-022302-545151,5,99.247,9,5481,13.0,13.0,131.04,108304.56,10.368,16.2144,1.5,1.5,2139.8308,2765847.1958,1292.5542,17,126,triple_shot;population_fire;still_shot;critical_chance+damage;growth_core
20260908-023720-508374,20260908-023534-174839,1,106.35,1,865,10.0,10.0,10.0,8650.0,8.0,8.0,1.0,1.0,80.0,69200.0,865.0,14,72,
20260908-023910-653005,20260908-023534-174839,2,95.848,6,5939,10.0,10.0,60.0,59390.0,8.0,8.0,1.5,1.5,792.0,783948.0,989.8333,27,81,critical_focus;triple_shot+population;phase_move
20260908-024121-744549,20260908-023534-174839,3,106.334,8,3010,11.0,11.0,88.0,33110.0,8.8,8.8,1.5,1.5,1277.76,480757.2,376.25,41,98,critical_focus;triple_shot+population;phase_move;special_profit;saving
20260908-024352-246328,20260908-023534-174839,4,109.706,13,2077,11.0,11.0,143.0,22847.0,8.8,9.1608,1.5,1.5,2076.36,345339.716,166.3198,64,117,critical_focus;triple_shot+population;phase_move;saving;population_fire+population
20260908-024643-980252,20260908-023534-174839,5,95.034,15,19185,12.0,12.0,180.0,230220.0,9.6,13.2768,1.5,1.5,2851.2,5043365.0784,1768.857,55,113,critical_focus;triple_shot+population;saving;population_fire+population;composure
20260908-025117-246713,20260908-024934-858596,1,102.405,1,777,10.0,10.0,10.0,10489.5,8.0,8.0,1.0,1.0,80.0,83916.0,1048.95,14,72,
20260908-025300-710231,20260908-024934-858596,2,90.854,1,14419,10.0,10.0,10.0,1485157.0,8.0,12.0,1.0,1.0,80.0,17821884.0,222773.55,31,78,still_shot;phase_move;saving
20260908-025513-969150,20260908-024934-858596,3,94.329,8,89216,11.5,11.5,92.0,10978028.8,8.8,10.12,1.0,1.0,809.6,111097651.456,137225.36,51,90,still_shot;phase_move;saving;growth_damage+population;high_population
20260908-025740-373918,20260908-024934-858596,4,95.522,3,799498,11.0,11.0,39.6,137633580.7,8.8,13.2,1.0,1.0,348.48,1816763265.24,5213393.2083,71,102,still_shot;phase_move;composure;rich_damage;pierce
20260908-025924-431761,20260908-024934-858596,5,91.377,3,619026,11.0,11.0,41.25,87158860.8,12.0,12.0,1.0,1.0,495.0,1045906329.6,2112942.08,86,115,still_shot;phase_move;composure;rich_damage
20260908-030111-652043,20260908-024934-858596,6,93.146,3,2281105,11.0,11.0,47.85,334980269.25,12.0,12.0,1.0,1.0,574.2,4019763231.0,7000632.5862,152,146,still_shot;phase_move;composure;rich_damage;recruit_gate_bias
20260908-084852-078567,20260908-084705-818132,1,106.286,1,758,10.0,10.0,10.0,7580.0,8.0,8.0,1.0,1.0,80.0,60640.0,758.0,14,77,
20260908-101040-554168,20260908-084925-277227,1,107.539,1,651,10.0,10.0,10.0,6510.0,8.0,8.0,1.0,1.0,80.0,52080.0,651.0,14,71,
20260908-101244-091198,20260908-084925-277227,2,96.292,1,2662,10.5,10.5,21.0,27951.0,8.0,12.0,1.3,1.3,226.044,451296.846,1996.5,27,83,growth_damage;critical_power;low_population;gate_damage;double_shot
20260908-101517-291501,20260908-084925-277227,3,93.099,11,27414,10.0,10.0,110.0,2905884.0,8.0,12.0,1.0,1.0,1064.8,42193435.68,39625.6909,56,90,critical_power;gate_damage;critical_chance;phase_move+population;still_shot+population
20260908-101730-604568,20260908-084925-277227,4,95.148,13,384191,11.0,11.0,143.0,45641890.8,10.4,15.6,1.9,1.9,2966.964,1420466925.4776,478761.0923,57,108,critical_chance;phase_move+population;still_shot+population;shotgun;decapitate
20260908-101925-017365,20260908-084925-277227,5,92.194,13,201036,11.0,11.0,185.9,24435925.8,10.4,15.6,1.9,1.9,3857.0532,760494882.7476,197169.9231,113,132,critical_chance;phase_move+population;still_shot+population;shotgun;rich_damage
20260908-102215-536680,20260908-084925-277227,6,90.319,19,372831,11.0,11.0,323.95,45727722.15,10.4,10.4,1.9,1.9,6721.3146,948758779.1682,141156.7284,175,151,critical_chance;phase_move+population;still_shot+population;shotgun;rich_damage
20260908-102414-136415,20260908-084925-277227,7,91.571,21,2212492,16.0,16.0,386.4,378778630.4,13.6,13.6,1.9,1.9,10483.8048,10277021800.0128,980275.9586,61,208,critical_chance;phase_move+population;still_shot+population;shotgun;rich_damage
20260908-102616-582003,20260908-084925-277227,8,92.252,21,1806303,16.0,16.0,470.4,322244455.2,13.6,13.6,1.9,1.9,12762.8928,8743136558.4864,685043.4847,130,300,critical_chance;phase_move+population;still_shot+population;shotgun;rich_damage
20260908-103855-668846,20260908-103712-300686,1,103.39,1,867,10.0,10.0,10.0,11704.5,8.0,8.0,1.0,1.0,80.0,93636.0,1170.45,14,71,
20260908-104110-610189,20260908-103712-300686,2,112.236,1,472,12.0,12.0,11.04,5210.88,10.0,10.0,1.0,1.0,110.4,52108.8,472.0,22,87,overclock
20260908-104346-574786,20260908-103712-300686,3,99.151,1,3062,12.0,12.0,11.04,33804.48,15.08,21.84,1.0,1.0,166.4832,738289.8432,4434.6207,14,90,overclock;armor+fire_rate;fire_rate;high_population
20260908-104613-145679,20260908-103712-300686,4,102.695,3,3094,13.0,13.0,35.88,51081.94,15.08,16.64,1.0,1.0,541.0704,850003.4816,1570.9665,11,110,overclock;armor+fire_rate;fire_rate;high_population;saving
20260908-104842-855950,20260908-104657-498774,1,105.375,1,583,10.0,10.0,10.0,5830.0,8.0,8.0,1.0,1.0,80.0,46640.0,583.0,9,73,
20260908-105036-538482,20260908-104657-498774,2,98.473,1,2821,10.0,10.0,9.2,25953.2,10.8,10.8,1.0,1.0,109.296,308324.016,2821.0,17,79,critical_focus;growth_boss+fire_rate;overclock;special_profit
20260908-105502-036406,20260908-105317-169092,1,104.882,1,727,10.0,10.0,10.0,7270.0,8.0,8.0,1.0,1.0,80.0,58160.0,727.0,14,72,
20260908-110024-615184,20260908-105838-879384,1,105.754,1,826,10.0,10.0,10.0,8260.0,8.0,8.0,1.0,1.0,80.0,66080.0,826.0,14,74,
20260908-110250-325578,20260908-105838-879384,2,105.229,13,845,11.0,11.0,143.0,9295.0,8.0,8.8,1.0,1.0,1144.0,81796.0,71.5,27,82,still_shot;recruit;growth_population+population;kill_shot;growth_boss+damage
20260908-110632-351395,20260908-105838-879384,3,102.719,12,1836,12.0,12.0,144.0,22032.0,8.24,8.528,1.5,1.5,1779.84,281833.344,158.3476,31,96,growth_population+population;growth_boss+damage;triple_shot;growth_fire;population_fire+damage
20260908-111126-253896,20260908-110944-383891,1,101.885,1,1002,10.0,10.0,10.0,13527.0,8.0,8.0,1.0,1.0,80.0,108216.0,1352.7,14,72,
20260908-111341-683102,20260908-110944-383891,2,111.667,1,547,10.0,10.0,10.0,5470.0,8.0,8.0,1.0,1.0,84.0,45948.0,547.0,15,81,vampire;saving;critical_chance;phase_move;fast_bullet
20260908-111559-918876,20260908-110944-383891,3,96.022,1,8941,10.0,10.0,10.0,89410.0,8.0,12.7652,1.3,1.3,104.0,1483737.4916,14266.7067,32,89,saving;phase_move;composure;ramp_fire;double_shot
20260908-111826-109043,20260908-110944-383891,4,95.628,5,58186,13.0,13.0,68.25,832059.8,8.8,8.8,1.3,1.3,780.78,9518764.112,12191.3524,29,109,saving;composure;double_shot;execute+fire_rate;rich_damage+damage
20260908-112101-594016,20260908-110944-383891,5,96.597,5,668170,513.0,513.0,2821.5,531295375.5,0.96,0.96,1.0,1.0,2708.64,510043560.48,188302.4545,43,85,composure;rich_damage+damage;pierce_plus+fire_rate;heavy_ca
20260908-112247-685910,20260908-110944-383891,6,91.239,5,1135468,513.0,513.0,2565.0,1514487218.4,1.44,7.44,1.3,1.3,4801.68,14648120376.3648,3050624.0267,22,126,composure;rich_damage+damage;pierce_plus+fire_rate;heavy_ca;double_shot
20260908-112442-134738,20260908-110944-383891,7,93.809,5,170592,513.0,513.0,2693.25,319424990.4,0.24,0.96,1.9,1.9,1228.122,582631182.4896,474408.2286,38,56,composure;rich_damage+damage;heavy_ca;shotgun;kill_shot
20260908-113417-928792,20260908-113232-508134,1,105.439,1,674,10.0,10.0,10.0,6740.0,8.0,8.0,1.0,1.0,80.0,53920.0,674.0,14,73,
20260908-113624-291517,20260908-113232-508134,2,98.167,12,1278,13.0,13.0,156.0,16614.0,8.0,13.2,1.0,1.0,1248.0,219304.8,175.725,31,82,recruit;high_population+damage;warning+population;damage
20260908-113854-515158,20260908-113232-508134,3,104.202,3,3967,15.0,15.0,45.0,59505.0,9.6,13.2,1.0,1.0,475.2,864012.6,1818.2083,30,98,high_population+damage;boss_bounty;ramp_fire+damage;fire_rate+fire_rate;critical_focus
20260908-114057-583291,20260908-113232-508134,4,99.669,3,3372,16.0,16.0,48.0,72835.2,10.4,12.8,1.0,1.0,549.12,1025519.616,1867.5692,12,120,boss_bounty;ramp_fire+damage;fire_rate+fire_rate;critical_focus;resonance+fire_rate
20260908-133116-917148,20260908-132933-581834,1,103.35,1,1121,10.0,10.0,10.0,11210.0,8.0,8.0,1.0,1.0,80.0,89680.0,1121.0,14,75,
20260908-133337-878342,20260908-132933-581834,2,99.038,6,3097,10.0,10.0,60.0,30970.0,8.0,9.2,1.3,1.3,624.0,370401.2,593.5917,29,79,boss_bounty;double_shot+population;saving;high_population;medicine
20260908-133617-784735,20260908-132933-581834,3,115.082,6,1253,11.0,11.0,66.0,13783.0,8.0,10.4,1.3,1.3,686.4,186346.16,271.4833,57,100,boss_bounty;double_shot+population;saving;medicine;ramp_fire
20260908-134045-799375,20260908-133903-053111,1,102.765,1,1018,10.0,10.0,10.0,13743.0,8.0,8.0,1.0,1.0,80.0,109944.0,1374.3,14,72,
20260908-134304-667663,20260908-133903-053111,2,102.783,3,1561,10.0,10.0,60.0,15610.0,8.0,8.0,1.3,1.3,624.0,162344.0,260.1667,18,88,splash;boss_bounty;low_population;medicine;double_shot
20260908-134737-920294,20260908-134557-546696,1,100.39,1,986,10.0,10.0,10.0,9860.0,8.0,12.0,1.0,1.0,80.0,118320.0,1479.0,14,71,
20260908-134941-301879,20260908-134557-546696,2,95.265,3,5018,12.0,12.0,36.0,60216.0,8.8,8.8,1.0,1.0,316.8,529900.8,1672.6667,21,77,move_speed;runner+fire_rate;saving;boss_damage;damage
20260908-135209-577368,20260908-134557-546696,3,99.77,5,3843,12.0,12.0,60.0,62256.6,8.8,8.8,1.5,1.5,792.0,821787.12,1037.61,35,95,move_speed;runner+fire_rate;saving;boss_damage;triple_shot
20260908-135437-606708,20260908-134557-546696,4,99.69,5,4724,12.0,12.0,60.0,76528.8,10.56,11.4624,1.5,1.5,950.4,1315805.5757,1384.4756,71,110,move_speed;runner+fire_rate;saving;triple_shot;population_fire
20260908-135755-822065,20260908-134557-546696,5,97.961,5,14440,13.0,13.0,65.0,187720.0,9.6,12.3648,1.5,1.5,1170.0,4352100.48,3719.744,143,128,saving;triple_shot;population_fire;gate_master;critical_focus+damage
20260908-140044-541950,20260908-134557-546696,6,107.487,7,7953,14.0,14.0,98.0,111342.0,10.4,12.0536,1.5,1.5,1911.0,2516384.871,1316.7896,111,173,triple_shot;population_fire;gate_master;critical_focus+damage;recruit_gate_bias
20260908-140308-850814,20260908-134557-546696,7,95.941,7,121263,13.0,13.0,131.95,20020521.3,12.0,24.0,1.5,1.5,2375.1,720738766.8,303456.1773,149,208,triple_shot;population_fire;recruit_gate_bias;rich_damage;composure
20260908-140507-753262,20260908-134557-546696,8,96.869,7,212870,13.0,13.0,172.9,5811351.0,12.0,12.0,1.5,1.5,3112.2,104604318.0,33611.0526,229,306,triple_shot;recruit_gate_bias;rich_damage;composure;pierce_2
20260908-142404-925352,20260908-142220-595915,1,104.348,1,975,10.0,10.0,10.0,9750.0,8.0,8.0,1.0,1.0,80.0,78000.0,975.0,14,74,
20260908-143340-341356,20260908-143153-966116,1,106.328,1,572,10.0,10.0,10.0,5720.0,8.0,8.0,1.0,1.0,80.0,45760.0,572.0,14,72,
20260908-143550-454965,20260908-143153-966116,2,105.823,3,872,11.0,11.0,33.0,9592.0,9.68,9.68,1.0,1.0,319.44,92850.56,290.6667,27,84,vampire+fire_rate
20260908-143806-469573,20260908-143153-966116,3,93.661,3,19029,26.0,26.0,80.34,509596.62,10.824,15.224,1.0,1.0,869.6002,7758098.9429,8921.4553,37,90,vampire+fire_rate;gate_damage;growth_arsenal;saving+fire_rate;damage_plus
20260908-144006-580336,20260908-143153-966116,4,93.265,3,29180,26.0,26.0,82.68,804200.8,10.208,14.608,1.5,1.5,1265.9962,17621647.9296,13919.1954,79,104,gate_damage;growth_arsenal;saving+fire_rate;damage_plus;triple_shot
20260908-144159-547274,20260908-143153-966116,5,93.605,3,417355,511.0,511.0,1670.97,232462561.45,1.848,6.248,1.5,1.5,4631.9288,2178639125.9094,470352.4603,175,123,gate_damage;growth_arsenal;saving+fire_rate;triple_shot;heavy_ca
20260908-144413-522984,20260908-143153-966116,6,91.479,3,104660,26.0,26.0,157.56,6721265.2,9.856,9.856,1.5,1.5,2911.7088,124208980.896,42658.4488,275,159,growth_arsenal;triple_shot;rich_damage;damage_plus;critical_focus
20260908-144654-437957,20260908-143153-966116,7,93.247,3,35404677,511.0,511.0,3525.9,51561601348.95,3.496,3.496,1.5,1.5,18489.8196,270389037473.8939,14623670.9348,346,207,growth_arsenal;triple_shot;rich_damage;match_tr;heavy_ca
20260908-144911-565511,20260908-143153-966116,8,90.59,3,913843,511.0,511.0,1839.6,630414593.55,3.92,3.92,1.0,1.0,7211.232,2471225206.716,342691.125,78,290,rich_damage;match_tr;heavy_ca;ricochet_2+fire_rate;pierce_plus
20260908-150602-536872,20260908-150304-519158,1,107.025,1,639,10.0,10.0,10.0,6390.0,8.0,8.0,1.0,1.0,80.0,51120.0,639.0,14,75,
20260908-163157-245043,20260908-163012-792779,1,104.469,1,845,10.0,10.0,10.0,8450.0,8.0,8.0,1.0,1.0,80.0,67600.0,845.0,14,77,
20260908-163525-762626,20260908-163012-792779,2,100.542,1,2237,10.0,10.0,10.0,22370.0,8.8,8.8,1.0,1.0,88.0,196856.0,2237.0,23,82,ricochet_1;fire_rate;ricochet_2
20260909-002614-349016,20260909-002428-476552,1,105.888,1,819,10.0,10.0,10.0,8190.0,8.0,8.0,1.0,1.0,80.0,65520.0,819.0,14,74,
20260909-002822-084534,20260909-002428-476552,2,92.441,7,4013,28.0,28.0,196.0,112364.0,8.8,12.8,1.0,1.0,1724.8,1438259.2,833.8701,14,84,damage_plus;damage;recruit+fire_rate;resonance
20260909-003036-382884,20260909-002428-476552,3,98.31,9,9680,30.0,30.0,248.4,267168.0,10.8,10.8,1.0,1.0,2682.72,2885414.4,1075.5556,21,101,damage_plus;damage;recruit+fire_rate;resonance;overclock+damage
20260909-003327-862521,20260909-002428-476552,4,93.712,5,14651,28.0,28.0,128.8,377409.76,11.0,11.0,1.5,1.5,2125.2,6227261.04,2930.2,28,113,damage_plus;resonance;overclock+damage;triple_shot;saving
20260909-003710-965879,20260909-002428-476552,5,96.914,7,6063,28.0,28.0,180.32,215600.28,12.0,12.0,1.5,1.5,3245.76,3880805.04,1195.6537,57,139,damage_plus;resonance;overclock+damage;triple_shot;saving
20260909-003944-731597,20260909-002428-476552,6,99.887,11,9422,32.0,32.0,323.84,277383.68,13.0,18.2,1.5,1.5,6314.88,7572574.464,1199.1636,10,179,damage_plus;resonance;overclock+damage;triple_shot;critical_power+damage
20260909-004200-004287,20260909-002428-476552,7,108.673,11,8772,32.0,32.0,323.84,258247.68,13.0,13.0,1.5,1.5,6314.88,5035829.76,797.4545,33,257,damage_plus;resonance;overclock+damage;triple_shot;critical_power+damage
20260909-004512-845842,20260909-002428-476552,8,99.63,11,36419,31.0,31.0,341.0,1128989.0,12.0,12.0,1.5,1.5,13810.5,45724054.5,3310.8182,19,342,damage_plus;resonance;triple_shot;critical_power+damage;critical_focus
20260909-135320-050172,20260909-135139-481767,1,100.585,1,1074,10.0,10.0,10.0,10740.0,8.0,8.0,1.0,1.0,80.0,85920.0,1074.0,14,74,
20260909-135608-858481,20260909-135139-481767,2,97.993,1,2467,10.0,10.0,20.0,33304.5,8.0,10.4,1.3,1.3,234.0,506561.445,2164.7925,30,84,low_population;special_profit;critical_chance;ramp_fire;double_shot
20260909-135839-262878,20260909-135139-481767,3,92.41,3,21768,19.0,19.0,57.0,413592.0,8.0,10.4,1.3,1.3,666.9,6290734.32,9432.8,47,92,critical_chance;ramp_fire;double_shot;damage_plus;dividend
20260909-140237-455013,20260909-135139-481767,4,97.367,3,7592,21.0,21.0,63.0,215233.2,8.8,8.8,1.0,1.0,762.3,2604321.72,3416.4,61,104,critical_chance;damage_plus;saving+damage;critical_power;composure+damage
20260909-140512-414903,20260909-135139-481767,5,94.28,3,36962,13.0,13.0,54.6,768809.6,8.8,13.2,1.0,1.0,660.66,13953894.24,21121.1429,129,115,critical_chance;saving+damage;critical_power;composure+damage;rich_damage
20260909-140657-481377,20260909-135139-481767,6,93.443,3,105237,13.0,13.0,72.15,3146586.3,8.8,8.8,1.0,1.0,873.015,38073694.23,43611.7297,261,150,critical_chance;saving+damage;critical_power;composure+damage;rich_damage
20260909-140923-565508,20260909-135139-481767,7,92.666,3,1482099,12.0,12.0,82.8,53355564.0,9.68,32.648,1.0,1.0,801.504,1741952453.472,2173354.6601,401,190,composure+damage;rich_damage;damage_plus;ramp_fire_pla+fire_rate;recruit_gate_bias
20260909-141134-925843,20260909-135139-481767,8,93.309,7,5751850,12.0,12.0,231.0,248479920.0,14.96,82.96,1.0,1.0,3455.76,20613894163.2,5965082.6919,525,300,composure+damage;rich_damage;damage_plus;ramp_fire_pla+fire_rate;recruit_gate_bias
20260909-145022-592608,20260909-144840-984367,1,101.625,1,925,10.0,10.0,10.0,12487.5,8.0,8.0,1.0,1.0,80.0,99900.0,1248.75,14,70,
20260909-145250-464746,20260909-144840-984367,2,94.709,1,3560,15.0,15.0,15.0,53400.0,8.8,15.2,1.0,1.0,132.0,811680.0,6149.0909,22,82,damage;phase_move;saving;ramp_fire;gate_damage+fire_rate
20260909-145507-861226,20260909-144840-984367,3,97.073,1,9175,15.0,15.0,15.0,137625.0,8.8,11.2,1.0,1.0,132.0,1541400.0,11677.2727,56,92,damage;saving;ramp_fire;gate_damage+fire_rate;gate_master
20260909-145851-059217,20260909-144840-984367,4,104.38,5,2835,17.0,17.0,85.0,48195.0,9.6,9.6,1.3,1.3,1060.8,601473.6,567.0,58,113,damage;saving;double_shot;still_shot;special_profit;vampire+overload
20260909-150110-492547,20260909-144840-984367,5,92.666,7,138218,18.0,18.0,126.0,26123202.0,10.4,15.6,1.0,1.0,1310.4,407521951.2,310990.5,104,122,damage;saving;still_shot;phase_move;decapitate
20260909-150548-608130,20260909-144840-984367,6,91.017,7,239748,21.0,21.0,147.0,54123111.0,10.4,10.4,1.3,1.3,2484.3,914680575.9,368184.4286,168,154,still_shot;phase_move;critical_power_ultra;damage_plus;double_shot;splash+overload;gate_damage+overload
20260909-150914-396715,20260909-144840-984367,7,91.629,7,508478,21.0,21.0,147.0,114788908.5,11.2,11.2,1.0,1.0,2058.0,1607044719.0,780876.9286,217,202,still_shot;phase_move;critical_power_ultra;damage_plus;gate_master;gate_damage+overload
20260909-154455-749518,20260909-154311-585906,1,103.792,1,740,10.0,10.0,10.0,7400.0,8.0,8.0,1.0,1.0,80.0,59200.0,740.0,14,74,
20260909-155435-692989,20260909-155251-383157,1,102.553,1,685,10.0,10.0,10.0,9247.5,8.0,8.0,1.0,1.0,80.0,73980.0,924.75,14,76,
20260909-155645-001120,20260909-155251-383157,2,96.246,1,2773,10.0,10.0,10.3,38267.4,8.24,8.24,1.0,1.0,116.699,433569.642,3715.2816,14,80,critical_chance;still_shot;growth_arsenal;critical_focus;execute
20260909-160059-565224,20260909-155912-470325,1,107.114,1,784,10.0,10.0,10.0,7840.0,8.0,8.0,1.0,1.0,80.0,62720.0,784.0,14,75,
20260909-160303-039579,20260909-155912-470325,2,96.013,3,3234,19.0,19.0,57.0,82952.1,8.0,8.0,1.3,1.3,592.8,862701.84,1455.3,20,84,saving;double_shot;damage_plus
20260909-160527-305625,20260909-155912-470325,3,100.135,3,4011,19.0,19.0,57.0,102882.15,8.0,8.0,1.3,1.3,592.8,1069974.36,1804.95,29,95,saving;double_shot;damage_plus;gate_master;ricochet_1+overload
20260909-160818-984696,20260909-155912-470325,4,97.357,3,9328,21.0,21.0,63.0,195888.0,8.0,8.0,1.3,1.3,655.2,2037235.2,3109.3333,14,109,saving;double_shot;damage_plus;gate_master;card_deal;recruit_gate_bias+overload;ricochet_1+overload
20260909-161204-737198,20260909-155912-470325,5,109.527,3,3302,21.0,21.0,63.0,69342.0,8.0,9.44,1.0,1.0,504.0,654588.48,1298.7867,24,135,saving;damage_plus;gate_master;card_deal;decapitate;recruit_gate_bias+overload;kill_shot+overload
20260909-161506-969722,20260909-155912-470325,6,97.657,10,19815,22.0,22.0,220.0,435930.0,11.328,18.24,1.0,1.0,3115.2,9939204.0,3190.5508,23,167,damage_plus;decapitate;critical_focus;elite_adrenaline+population;elite_harvest;recruit_gate_bias+overload;kill_shot+overload
20260909-161832-062723,20260909-155912-470325,7,106.522,10,14832,22.0,22.0,220.0,326304.0,10.4,10.4,1.0,1.0,3432.0,5090342.4,1483.2,21,231,damage_plus;critical_focus;elite_adrenaline+population;elite_harvest;critical_power_0;recruit_gate_bias+overload;gate_damage+overload
20260909-163911-422164,20260909-163730-408906,1,101.031,1,877,10.0,10.0,10.0,11839.5,8.0,8.0,1.0,1.0,80.0,94716.0,1183.95,14,73,
20260910-091500-727190,20260910-091318-823116,1,101.031,1,1329,10.0,10.0,10.0,13290.0,8.0,8.0,1.0,1.0,80.0,106320.0,1329.0,14,71,
20260910-091738-783706,20260910-091318-823116,2,95.096,1,5637,10.0,10.0,10.0,56370.0,8.0,8.0,1.3,1.3,130.0,732810.0,5637.0,14,82,critical_chance;double_shot;critical_power_0;ricochet_1+overload
20260910-092344-146826,20260910-092156-006603,1,105.183,1,649,10.0,10.0,10.0,6490.0,8.0,8.0,1.0,1.0,80.0,51920.0,649.0,14,75,
20260910-092642-490113,20260910-092156-006603,2,99.964,4,1175,10.0,10.0,40.0,15862.5,8.0,8.0,1.3,1.3,416.0,164970.0,396.5625,19,83,special_profit;growth_population;double_shot;critical_power_0;boss_bounty+overload
20260910-092958-186713,20260910-092156-006603,3,101.686,5,3148,12.0,12.0,60.0,43820.16,8.0,8.0,1.0,1.0,840.0,613482.24,730.336,65,95,critical_power_0;critical_chance;critical_power_ultra;growth_recovery+damage;elite_decree
20260910-093437-102023,20260910-092156-006603,4,96.805,9,6541,13.0,13.0,122.85,164113.69,10.56,10.56,1.0,1.0,1621.62,2166300.708,1335.8868,81,110,critical_power_ultra;growth_recovery+damage;elite_decree;rich_damage;fire_rate;gate_damage+overload
20260910-093622-951290,20260910-092156-006603,5,95.042,11,8441,13.0,13.0,214.5,239217.94,10.56,15.36,1.0,1.0,2831.4,4592984.448,1622.1602,206,132,critical_power_ultra;growth_recovery+damage;elite_decree;rich_damage;fire_rate;gate_damage+overload
20260910-093850-355664,20260910-092156-006603,6,94.352,13,120736,13.0,13.0,363.35,4975530.56,9.6,9.6,1.5,1.5,6540.3,89559550.08,13693.4927,397,169,critical_power_ultra;growth_recovery+damage;elite_decree;rich_damage;triple_shot;gate_damage+overload;pierce_plus+overload
20260910-094416-996319,20260910-094146-184900,2,95.706,12,2699,10.0,10.0,120.0,26990.0,8.8,12.8,1.3,1.3,1544.4,505252.8,327.1515,21,81,critical_chance;double_shot;recruit;fire_rate+population;refresh_deal
20260910-095000-082883,20260910-094648-336542,2,97.179,1,2277,10.0,10.0,10.0,30739.5,8.0,8.0,1.0,1.0,90.0,276655.5,3073.95,17,82,still_shot;critical_chance;gate_damage;gate_damage+overload
20260910-095201-773021,20260910-094648-336542,3,94.919,1,25946,12.0,12.0,12.0,1977085.2,9.6,9.6,1.0,1.0,129.6,21352520.16,164757.1,43,88,still_shot;critical_chance;growth_fire;phase_move;fire_rate
20260910-095408-103283,20260910-094648-336542,4,91.802,1,23481,12.0,12.0,12.0,1789252.2,9.6,9.6,1.0,1.0,129.6,19323923.76,149104.35,126,99,still_shot;critical_chance;growth_fire;phase_move;dividend
20260910-095628-134882,20260910-094648-336542,5,93.851,13,83568,12.0,12.0,171.6,6468163.2,12.96,12.96,1.0,1.0,2501.928,94305819.456,37693.2587,229,130,still_shot;critical_chance;growth_fire;phase_move;growth_core
20260910-095932-524353,20260910-094648-336542,6,93.704,21,170908,76.0,76.0,2010.96,16366150.08,7.396,13.796,1.0,1.0,18591.3252,282234258.1296,15180.9651,219,157,growth_fire;growth_core;critical_power_ultra;heavy_ca;growth_arsenal;gate_damage+overload
20260910-100316-656347,20260910-094648-336542,7,92.534,29,1069291,76.0,76.0,2865.2,227545124.8,8.548,8.548,1.0,1.0,30614.662,2431319658.488,79416.8382,392,187,growth_fire;growth_core;critical_power_ultra;heavy_ca;composure;gate_damage+overload
20260910-100625-895310,20260910-094648-336542,8,94.594,37,28648894,76.0,76.0,3936.8,3048242321.6,13.06,13.06,1.0,1.0,51414.608,39810044720.096,774294.4324,225,307,growth_fire;growth_core;heavy_ca;composure;ricochet_3;pierce_plus+overload;special_profit+overload
20260910-100854-873697,20260910-100633-562000,2,95.436,1,11035,74.0,74.0,74.0,816590.0,1.684,1.684,1.0,1.0,218.078,2406490.73,11035.0,2635,70,heavy_ca;fire_rate;critical_focus;critical_chance;critical_power_0
20260910-101049-007092,20260910-100633-562000,3,90.753,1,123282,75.0,75.0,75.0,12482302.5,2.244,6.564,1.0,1.0,252.45,122900750.415,486832.0476,4563,90,heavy_ca;critical_focus;ramp_fire;critical_power_0+damage;match_tr
20260910-101413-382240,20260910-100633-562000,4,90.232,6,291587,74.0,74.0,408.48,19851242.96,6.564,6.564,1.5,1.5,5027.3676,244319172.7302,48597.8333,208,104,heavy_ca;critical_focus;match_tr;triple_shot;overclock+population;dividend+overload
20260910-101724-454530,20260910-100633-562000,5,92.829,1,3733127,74.0,74.0,74.0,1243131291.0,1.86,4.42,1.9,1.9,457.653,18269679018.1815,39920374.2097,5494,122,heavy_ca;critical_focus;shotgun+fire_rate;critical_power_ultra;composure;dividend+overload;kill_shot+overload
20260910-110543-275025,20260910-110402-662526,1,100.63,1,809,10.0,10.0,10.0,10921.5,8.0,8.0,1.0,1.0,80.0,87372.0,1092.15,14,74,
20260910-110910-414599,20260910-110653-474063,2,106.287,3,790,11.0,11.0,33.0,11731.5,8.0,8.0,1.0,1.0,297.0,105583.5,355.5,21,86,critical_chance;runner
20260910-111118-591769,20260910-110653-474063,3,108.036,3,1766,17.0,17.0,51.0,30022.0,8.0,8.28,1.3,1.3,596.7,363551.409,609.27,32,101,critical_chance;population_fire;double_shot;saving+damage;damage
20260910-111318-745732,20260910-110653-474063,4,94.892,5,137368,17.0,17.0,85.0,2335256.0,9.68,18.48,1.9,1.9,1563.32,81995508.672,52449.6,45,98,population_fire;saving+damage;damage;shotgun;composure+fire_rate
20260910-111544-456642,20260910-110653-474063,5,93.569,10,228965,12.0,12.0,120.0,2747580.0,10.56,14.96,1.9,1.9,2407.68,78097213.92,32436.7083,45,127,population_fire;saving+damage;shotgun;composure+fire_rate;fire_rate+population;refresh_deal+overload;phase_move+overload
20260910-111757-321022,20260910-110653-474063,6,95.431,5,100740,19.0,19.0,87.4,4344916.2,13.2,17.6,1.9,1.9,2191.992,145293997.728,66284.0,86,162,population_fire;shotgun;composure+fire_rate;damage_plus;overclock;refresh_deal+overload;growth_fire+overload
20260910-112039-076493,20260910-110653-474063,7,92.791,5,717741,19.0,19.0,95.0,13637079.0,16.64,23.04,1.9,1.9,3003.52,596976770.304,198759.0462,57,215,population_fire;shotgun;composure+fire_rate;damage_plus;elite_adrenaline;growth_fire+overload
20260910-112237-908576,20260910-110653-474063,8,93.315,10,614581,19.0,19.0,190.0,11677039.0,19.04,25.84,1.9,1.9,6873.44,573295906.744,83407.4214,41,315,population_fire;shotgun;composure+fire_rate;damage_plus;ricochet_2+population;growth_fire+overload
20260910-133607-585207,20260910-133349-823558,2,101.344,1,2014,10.0,10.0,10.0,20140.0,8.0,12.32,1.5,1.5,120.0,372187.2,3101.56,14,86,population_fire;triple_shot;fast_bullet+overload
20260910-133824-784128,20260910-133349-823558,3,99.516,3,6228,15.0,15.0,41.4,85946.4,10.4,11.392,1.5,1.5,645.84,1468652.0832,2274.0185,51,95,population_fire;triple_shot;overclock;damage
20260910-134051-371770,20260910-133349-823558,4,97.594,3,4925,10.0,10.0,27.6,45310.0,13.44,19.1808,1.5,1.5,695.52,1629528.84,2342.8929,37,107,population_fire;triple_shot;overclock;critical_power_ultra;growth_fire
20260910-134350-155895,20260910-133349-823558,5,96.377,8,18807,10.0,10.0,80.0,306554.1,11.52,11.52,1.9,1.9,2188.8,8387320.176,3831.9262,75,143,critical_power_ultra;growth_fire;elite_decree;shotgun+population;elite_harvest+overload;pierce_2+overload
20260910-135204-152942,20260910-133349-823558,6,93.832,8,43725,12.0,12.0,96.0,876249.0,14.56,20.16,1.9,1.9,3319.68,41954802.12,12638.2067,149,171,critical_power_ultra;growth_fire;elite_decree;shotgun+population;population_fire+damage;elite_harvest+overload;pierce_2+overload
20260910-135446-177509,20260910-133349-823558,7,99.187,8,24801,3.8,3.8,30.4,130056.444,19.04,100.5856,1.9,1.9,1099.7504,24855430.3619,22600.9742,173,239,growth_fire;elite_decree;shotgun+population;population_fire+damage;ramp_fire_pla;elite_harvest+overload;pierce_2+overload
20260910-135758-630878,20260910-133349-823558,8,95.397,16,420883,18.0,18.0,360.0,17424556.2,20.4,34.0,1.9,1.9,13953.6,1125626330.52,80669.2417,187,318,growth_fire;elite_decree;shotgun+population;population_fire+damage;rich_damage;elite_harvest+overload;pierce_2+overload
20260910-155119-194233,20260910-154935-186510,1,104.024,1,983,10.0,10.0,10.0,13270.5,8.0,8.0,1.0,1.0,80.0,106164.0,1327.05,14,72,
20260910-155343-065435,20260910-154935-186510,2,100.818,11,5927,2.2,2.2,24.2,13039.4,8.0,48.0,1.3,1.3,251.68,813658.56,3232.9091,16,84,warning+population;double_shot+population;ramp_fire_pla+overload
20260910-155539-910837,20260910-154935-186510,3,97.333,11,2970,11.2,11.2,123.2,33264.0,9.6,62.4,1.3,1.3,1921.92,3372969.6,1755.0,21,90,warning+population;double_shot+population;critical_chance;damage_plus;critical_power_0+damage;ramp_fire_pla+overload
20260910-155808-605892,20260910-154935-186510,4,91.802,6,66169,10.2,10.2,61.2,674923.8,11.44,63.44,1.3,1.3,1592.7912,97409052.3588,61156.197,23,108,double_shot+population;damage_plus;critical_power;critical_focus;runner+fire_rate;ramp_fire_pla+overload
20260910-160031-254827,20260910-154935-186510,5,94.985,1,25647246,74.2,74.2,74.2,1903025653.2,0.204,57.404,1.0,1.0,26.4894,191172248043.5125,7216933869.5294,27,129,damage_plus;critical_power;critical_focus;heavy_ca;population_fire;ramp_fire_pla+overload;elite_bait+overload
20260910-160256-296058,20260910-154935-186510,6,97.888,1,9049,10.2,10.2,10.2,124604.73,10.4,64.272,1.0,1.0,265.2,20021488.0164,75495.807,39,155,damage_plus;critical_power;critical_focus;population_fire;critical_power_ultra;ramp_fire_pla+overload
20260910-160540-093083,20260910-154935-186510,7,96.49,1,8172,10.2,10.2,10.71,125031.6,11.2,67.2,1.0,1.0,299.88,21005308.8,70045.7143,31,215,damage_plus;critical_power;critical_focus;critical_power_ultra;elite_hunt;ramp_fire_pla+overload;rich_damage+overload
20260910-160939-309220,20260910-160755-534099,1,103.792,1,754,10.0,10.0,10.0,7540.0,8.0,8.0,1.0,1.0,80.0,60320.0,754.0,14,73,
20260910-161207-021954,20260910-160755-534099,2,102.855,6,2394,10.0,10.0,120.0,23940.0,8.8,10.208,1.0,1.0,1056.0,244379.52,231.42,21,89,runner+population;pierce;move_speed;kill_shot;low_population
20260910-161438-368116,20260910-160755-534099,3,105.227,16,3992,15.0,15.0,264.0,65868.0,9.24,9.24,1.0,1.0,2439.36,608620.32,249.5,23,96,runner+population;low_population;saving;damage;growth_core
20260910-161709-382140,20260910-160755-534099,4,102.012,23,4298,15.0,15.0,414.0,77364.0,9.68,9.68,1.0,1.0,4007.52,748883.52,186.8696,9,114,saving;damage;growth_core;execute;elite_adrenaline;elite_harvest+overload
20260910-161937-284777,20260910-160755-534099,5,99.152,33,9421,18.0,18.0,772.2,279803.7,10.12,10.12,1.0,1.0,7814.664,2831613.444,362.3462,15,130,saving;growth_core;execute;elite_adrenaline;damage_plus;elite_harvest+overload;growth_recovery+overload
20260910-162148-238403,20260910-160755-534099,6,97.599,43,35302,18.0,18.0,1083.6,889610.4,10.56,10.56,1.0,1.0,11442.816,9394285.824,820.9767,43,165,saving;growth_core;execute;elite_adrenaline;damage_plus;elite_harvest+overload;growth_recovery+overload
20260910-162349-262803,20260910-160755-534099,7,95.304,53,106439,19.0,19.0,1661.55,3640213.8,13.0,18.2,1.0,1.0,21600.15,66251891.16,3067.1959,65,221,growth_core;execute;elite_adrenaline;damage_plus;rich_damage;elite_harvest+overload;growth_recovery+overload
20260910-162640-208800,20260910-160755-534099,8,103.757,63,55418,11.0,11.0,1386.0,1280155.8,13.52,18.72,1.0,1.0,18738.72,23964516.576,1278.8769,107,356,growth_core;execute;elite_adrenaline;rich_damage;splash;elite_harvest+overload;growth_recovery+overload
20260910-164828-736978,20260910-164643-526834,1,93.58,1,31317245,10.0,210.0,10.0,6576621450.0,8.0,28.0,1.0,1.0,80.0,184145400600.0,2301817507.5,14,70,
20260910-172208-731292,20260910-172020-975101,1,107.773,1,704,10.0,10.0,10.0,7040.0,8.0,8.0,1.0,1.0,80.0,56320.0,704.0,14,77,
20260910-174034-261229,20260910-173852-068949,1,95.432,1,2376,10.0,10.0,10.0,32076.0,8.0,8.0,1.0,1.0,80.0,256608.0,3207.6,14,71,
20260910-174850-191952,20260910-174605-698021,4,90.132,1,3863062,10.0,310.0,10.0,1616691447.0,8.0,58.0,1.0,1.0,80.0,93768103926.0,1172101299.075,14,104,
20260910-175858-256157,20260910-175722-229131,1,91.39,1,56415,10.0,110.0,10.0,8377627.5,8.0,18.0,1.0,1.0,80.0,150797295.0,1884966.1875,14,72,
20260910-180042-002727,20260910-175722-229131,2,91.413,1,67414,110.0,110.0,110.0,10010979.0,18.0,18.0,1.0,1.0,1980.0,180197622.0,91008.9,49,78,
20260910-180924-685655,20260910-180642-533267,7,94.279,5,15728,110.0,110.0,550.0,1730080.0,18.0,27.0,1.0,1.0,9900.0,46712160.0,4718.4,709,214,
20260910-181418-504393,20260910-181123-520907,8,90.836,1,4786072857324,218.0,218.0,54602.46,3.759448742853145e+17,36.4,36.4,1.9,1.9,4720382.667,3.2500434381965435e+19,6885127048951.906,71883,311,damage_plus;overclock;critical_power_ultra;rich_damage;shotgun;gate_damage+overload
20260910-181737-940242,20260910-181537-041757,8,90.302,1,615616849,18.0,18.0,19803.06,17555459496574.14,10.4,10.4,1.9,1.9,391308.4656,346895879652305.0,886502363.6031,316602,302,shotgun;rich_damage;damage_plus;overclock;pierce_plus
20260910-182045-384287,20260910-181834-508887,8,90.086,7,6956129,1018.0,1018.0,7126.0,7081339322.0,52.8,52.8,1.5,1.5,705474.0,701052592877.9999,993732.7143,56955,303,damage_plus+fire_rate;critical_power_ultra;triple_shot
20260910-185336-323697,20260910-185119-862384,1,93.083,1,59221,10.0,10.0,10.0,592210.0,8.0,8.0,1.0,1.0,80.0,4737680.0,59221.0,9,98,
20260910-185703-379632,20260910-185525-321301,1,91.064,1,34186449,10.0,210.0,10.0,9691858291.5,8.0,34.0,1.0,1.0,80.0,329523181911.0,4119039773.8875,14,71,
20260912-010942-862201,20260912-010658-364656,8,91.641,33,28326580945,28.0,28.0,165950.4,205567130981102.8,22.88,22.88,1.0,1.0,3796945.152,4703375956847635.0,1238726336.189,51515,322,elite_decree;resonance;pierce_plus+fire_rate;decapitate;rich_damage
20260912-011001-085716,20260912-010658-364656,9,1.082,28326580945,28326580945,28.0,28.0,245954037029246.03,245954037029246.03,22.88,22.88,1.0,1.0,5627428367229152.0,5627428367229152.0,1.0,61826,1,elite_decree;resonance;pierce_plus+fire_rate;decapitate;rich_damage
20260912-011018-976463,20260912-010658-364656,10,5.118,28326580945,28326580945,28.0,28.0,295128981549766.0,295128981549766.0,22.88,22.88,1.0,1.0,6752551097858650.0,6752551097858650.0,1.0,74221,15,elite_decree;resonance;pierce_plus+fire_rate;decapitate;rich_damage
20260912-012015-033048,20260912-011750-478200,9,1.26,63609998,63609998,20.0,20.0,1060696716650.0,1060696716650.0,16.0,16.0,1.0,1.0,16971147466400.008,16971147466400.008,1.0,166558,0,elite_harvest;elite_decree;pierce_plus;rich_damage+population;elite_adrenaline;elite_adrenaline+overload
20260912-012031-737100,20260912-011750-478200,10,1.278,63609998,63609998,20.0,20.0,1272772449982.0,1272772449982.0,16.0,16.0,1.0,1.0,20364359199712.008,20364359199712.008,1.0,199899,0,elite_harvest;elite_decree;pierce_plus;rich_damage+population;elite_adrenaline;elite_adrenaline+overload
20260912-012320-773740,20260912-012143-945147,1,96.845,1,2010,10.0,10.0,10.0,20100.0,8.0,8.0,1.0,1.0,80.0,160800.0,2010.0,14,70,
20260912-012532-567329,20260912-012143-945147,2,96.287,1,2894,10.0,10.0,10.0,28940.0,8.0,12.0,1.0,1.0,80.0,347280.0,4341.0,42,80,vampire;saving;special_profit
20260912-012725-788934,20260912-012143-945147,3,93.633,3,20401,11.0,11.0,33.0,224411.0,8.8,8.8,1.9,1.9,689.7,4690189.9,6800.3333,64,93,vampire;saving;special_profit;critical_focus;shotgun
20260912-012946-004113,20260912-012143-945147,4,93.117,5,43193,14.0,14.0,70.0,701454.32,10.56,10.56,1.9,1.9,1755.6,17592474.3456,10020.776,99,106,vampire;saving;critical_focus;growth_fire;elite_decree+damage;growth_damage+overload;shotgun+overload
20260912-013140-985554,20260912-012143-945147,5,93.461,7,34903,16.0,16.0,112.0,658968.64,12.48,17.68,1.9,1.9,3319.68,27670093.1936,8335.1688,213,133,vampire;saving;critical_focus;growth_fire;elite_decree+damage;growth_damage+overload;shotgun+overload
20260912-013413-598236,20260912-012143-945147,6,91.571,19,134692,16.0,16.0,334.4,2844695.04,16.2,16.2,1.9,1.9,12866.04,109449641.664,8506.8632,284,167,critical_focus;growth_fire;elite_decree+damage;growth_core;decapitate;shotgun+overload;resonance+overload
20260912-013611-833192,20260912-012143-945147,7,96.011,31,205818,18.0,18.0,669.6,6631455.96,21.6,21.6,1.9,1.9,34350.48,340193690.748,9903.6081,213,228,critical_focus;growth_fire;elite_decree+damage;growth_core;decapitate;shotgun+overload;resonance+overload
20260912-013842-728626,20260912-012143-945147,8,98.861,41,223838,20.0,20.0,1066.0,7073280.8,25.08,32.68,1.9,1.9,50797.032,439194151.4336,8646.0593,159,347,growth_fire;elite_decree+damage;growth_core;decapitate;gate_master+damage;shotgun+overload;resonance+overload
20260912-033335-596848,20260912-033156-855968,1,98.758,1,1435,10.0,10.0,10.0,14350.0,8.0,12.0,1.0,1.0,80.0,172200.0,2152.5,14,71,
20260912-033559-642845,20260912-033156-855968,2,98.009,1,1530,10.0,10.0,20.0,15300.0,8.8,12.8,1.0,1.0,198.0,220320.0,1112.7273,30,81,critical_chance;low_population;elite_hunt;saving;special_profit+fire_rate
20260912-033849-615957,20260912-033156-855968,3,113.815,3,1985,11.0,11.0,33.0,21835.0,9.68,9.68,1.0,1.0,359.37,237783.15,661.6667,56,103,critical_chance;elite_hunt;saving;special_profit+fire_rate;gate_master
20260912-034148-466888,20260912-033156-855968,4,93.367,3,16698,20.0,20.0,69.0,551034.0,10.56,10.56,1.0,1.0,819.72,6546283.92,7986.0,61,104,critical_chance;saving;growth_fire+fire_rate;damage_plus;rich_damage+damage;pierce_plus+overload;gate_damage+overload
20260912-034406-379175,20260912-033156-855968,5,94.544,16,59498,21.0,21.0,453.6,1936659.9,12.96,17.76,1.0,1.0,5878.656,34395079.824,5850.8407,99,127,saving;growth_fire+fire_rate;damage_plus;rich_damage+damage;growth_core+population;pierce_plus+overload;gate_damage+overload
20260912-034648-016027,20260912-033156-855968,6,95.286,24,94476,13.0,13.0,546.0,2579194.8,14.4,19.2,1.0,1.0,7862.4,49520540.16,6298.4,185,157,growth_fire+fire_rate;rich_damage+damage;growth_core+population;gate_master;population_fire;gate_damage+overload;recruit_gate_bias+overload
20260912-034900-383790,20260912-033156-855968,7,92.109,38,166513,15.0,15.0,1168.5,6119352.75,18.48,24.08,1.0,1.0,26992.35,184192517.775,6823.8785,231,199,growth_fire+fire_rate;rich_damage+damage;growth_core+population;population_fire;critical_power_ultra;gate_damage+overload;recruit_gate_bias+overload
20260912-035105-605890,20260912-033156-855968,8,96.923,46,802356,15.0,15.0,1932.0,41521923.0,20.16,20.16,1.0,1.0,48686.4,1046352459.6,21491.6786,419,309,growth_fire+fire_rate;rich_damage+damage;growth_core+population;critical_power_ultra;execute;gate_damage+overload;recruit_gate_bias+overload
20260912-035221-123396,20260912-033156-855968,9,67.36,762246,470948,15.0,15.0,46306444.5,28610091.0,21.84,21.84,1.0,1.0,1264165934.85,781055484.3,0.6178,512,191,growth_fire+fire_rate;rich_damage+damage;growth_core+population;critical_power_ultra;execute;gate_damage+overload;recruit_gate_bias+overload
20260912-035404-250922,20260912-033156-855968,10,54.913,470962,2831351,42.0,42.0,80110636.2,481612805.1,13.42,13.42,1.0,1.0,1343855922.255,8079054805.5525,6.0118,497,153,growth_fire+fire_rate;rich_damage+damage;growth_core+population;critical_power_ultra;heavy_ca;gate_damage+overload;recruit_gate_bias+overload
20260912-160311-860906,20260912-160124-845855,1,95.592,1,18981,10.0,10.0,10.0,189810.0,8.0,8.0,1.0,1.0,80.0,1518480.0,18981.0,7,73,
20260912-173601-483366,20260912-173414-460992,1,104.13,1,9097,10.0,10.0,10.0,90970.0,8.0,8.0,1.0,1.0,80.0,727760.0,9097.0,1,74,
20260912-175124-697759,20260912-174933-976346,1,103.366,1,847,10.0,10.0,10.0,11434.5,8.0,8.0,1.0,1.0,80.0,91476.0,1143.45,14,75,
20260912-175315-484806,20260912-174933-976346,2,94.419,1,4850,10.0,10.0,10.0,48500.0,8.0,8.0,1.0,1.0,80.0,388000.0,4850.0,44,78,vampire
20260912-175520-452616,20260912-174933-976346,3,105.338,1,4381,11.0,11.0,11.0,48191.0,8.0,8.0,1.5,1.5,132.0,578292.0,4381.0,64,105,vampire;elite_adrenaline;triple_shot+damage;pierce_plus;saving
20260912-175722-006065,20260912-174933-976346,4,94.667,7,115650,14.0,14.0,98.0,2185785.0,10.4,10.4,1.5,1.5,1528.8,34098246.0,22303.9286,46,110,triple_shot+damage;pierce_plus;saving;composure;elite_harvest
20260912-175940-145673,20260912-174933-976346,5,92.26,9,256916,15.0,15.0,135.0,4855712.4,11.2,11.2,1.5,1.5,2268.0,81575968.32,35968.24,85,134,triple_shot+damage;pierce_plus;composure;elite_harvest;elite_decree
20260912-180143-168328,20260912-174933-976346,6,92.942,9,112619,15.0,15.0,135.0,2196070.5,11.2,16.8,1.5,1.5,2268.0,55340976.6,24400.7833,175,166,triple_shot+damage;pierce_plus;composure;elite_harvest;elite_decree
20260912-180427-644465,20260912-174933-976346,7,92.502,9,1623671,15.0,15.0,135.0,32635787.1,11.2,11.2,1.5,1.5,2268.0,548281223.28,241746.5711,309,227,triple_shot+damage;composure;elite_harvest;elite_decree;resonance;gate_master+overload;recruit_gate_bias+overload
20260912-180719-352239,20260912-174933-976346,8,96.224,15,2779552,18.0,18.0,270.0,145092614.4,13.6,13.6,1.5,1.5,5508.0,2959889333.76,537380.0533,299,338,triple_shot+damage;composure;elite_harvest;elite_decree;resonance;gate_master+overload;recruit_gate_bias+overload
20260912-180839-405983,20260912-174933-976346,9,66.138,3057511,6142908,18.0,18.0,55035198.0,152589834.72,13.6,13.6,1.5,1.5,1122718039.2,3112832628.288,2.7726,448,247,triple_shot+damage;composure;elite_harvest;elite_decree;resonance;gate_master+overload;recruit_gate_bias+overload
20260912-180945-637217,20260912-174933-976346,10,39.621,6142916,9961598,17.0,17.0,104429572.0,186281882.6,15.2,15.2,1.9,1.9,3015926039.36,5379820769.488,1.7838,36,141,composure;elite_harvest;elite_decree;resonance;shotgun;gate_master+overload;recruit_gate_bias+overload
20260912-182546-555720,20260912-182400-778882,1,105.795,1,722,10.0,10.0,10.0,7220.0,8.0,8.0,1.0,1.0,80.0,57760.0,722.0,14,74,
20260912-182754-816855,20260912-182400-778882,2,112.385,9,894,10.0,10.0,99.0,9834.0,8.4,8.4,1.0,1.0,831.6,82605.6,99.3333,34,90,growth_core
20260912-182950-578170,20260912-182400-778882,3,94.746,27,7468,18.0,18.0,583.2,161308.8,8.8,12.8,1.0,1.0,5132.16,2064752.64,402.3165,53,88,growth_core;elite_adrenaline+population;runner+population;damage_plus;elite_damage
20260912-183148-326483,20260912-182400-778882,4,94.516,37,28815,19.0,19.0,913.9,711730.5,10.12,10.12,1.0,1.0,9248.668,7202712.66,778.7838,82,106,growth_core;elite_adrenaline+population;runner+population;damage_plus;pierce_plus
20260912-183410-452852,20260912-182400-778882,5,93.477,45,39590,19.0,19.0,1197.0,1053094.0,10.56,14.96,1.3,1.3,16432.416,20480572.112,1246.3519,107,129,growth_core;elite_adrenaline+population;runner+population;damage_plus;double_shot;pierce_plus+overload;gate_master+overload
20260912-191640-911038,20260912-191402-533997,2,95.075,6,4263,10.0,10.0,60.0,42630.0,8.0,11.68,1.0,1.0,480.0,497918.4,1037.33,39,80,ramp_fire+population;kill_shot
20260912-191844-632989,20260912-191402-533997,3,105.602,6,1705,10.0,10.0,63.6,18073.0,9.76,13.6,1.3,1.3,806.9568,319530.64,395.9699,80,97,ramp_fire+population;kill_shot;growth_arsenal;double_shot;boss_bounty
20260912-192135-833880,20260912-191402-533997,4,93.674,10,10782,23.0,23.0,243.8,349660.26,10.176,13.056,1.3,1.3,3225.1814,5934713.6609,1840.1178,61,105,ramp_fire+population;double_shot;boss_bounty;damage_plus;special_profit;growth_arsenal+overload
20260912-192414-103383,20260912-191402-533997,5,98.785,12,6012,24.0,24.0,322.56,238075.2,10.752,13.632,1.0,1.0,3468.1651,3245441.1264,935.7805,116,130,ramp_fire+population;boss_bounty;damage_plus;special_profit;elite_decree;growth_arsenal+overload;growth_recovery+overload
20260912-192717-231429,20260912-191402-533997,6,92.58,15,70896,24.0,24.0,568.8,4389880.32,13.216,13.216,1.5,1.5,14094.864,108781234.3296,7717.7924,178,163,damage_plus;elite_decree;triple_shot;rich_damage;critical_power_ultra;growth_arsenal+overload;recruit+overload
20260912-192928-378381,20260912-191402-533997,7,91.249,9,98236,25.0,25.0,515.25,9406097.0,13.888,25.088,1.5,1.5,10733.688,353970242.304,32977.5043,453,222,damage_plus;elite_decree;triple_shot;rich_damage;elite_adrenaline+damage;growth_arsenal+overload;dividend+overload
20260912-193125-088113,20260912-191402-533997,8,95.536,9,12314770,42.0,42.0,1587.6,3346415599.8,3.572,3.572,1.5,1.5,8506.3608,17930094783.7284,2107845.5529,957,322,elite_decree;triple_shot;rich_damage;elite_adrenaline+damage;heavy_ca;growth_arsenal+overload
20260912-193135-566453,20260912-191402-533997,9,2.36,12314770,12314770,42.0,42.0,3677436617.4,3677436617.4,4.244,4.244,1.5,1.5,23410561506.3684,23410561506.3684,1.0,1156,0,elite_decree;triple_shot;rich_damage;elite_adrenaline+damage;heavy_ca;growth_arsenal+overload
20260912-193146-215574,20260912-191402-533997,10,3.58,12314770,12314770,42.0,42.0,4380856279.8,4380856279.8,4.916,4.916,1.5,1.5,32304434207.2452,32304434207.2452,1.0,1417,0,elite_decree;triple_shot;rich_damage;elite_adrenaline+damage;heavy_ca;growth_arsenal+overload
20260912-202522-643470,20260912-202344-186866,1,98.474,1,2144,10.0,10.0,10.0,21440.0,8.0,8.0,1.0,1.0,80.0,171520.0,2144.0,14,71,
20260912-202711-469092,20260912-202344-186866,2,96.677,1,6372,10.0,10.0,10.0,63720.0,8.0,8.0,1.0,1.0,80.0,509760.0,6372.0,39,78,vampire;saving
20260912-202921-963827,20260912-202344-186866,3,95.803,6,7598,18.0,18.0,108.0,136764.0,8.0,12.0,1.3,1.3,1123.2,2133518.4,1899.5,52,92,vampire;saving;double_shot;critical_power;damage_plus+population;gate_master+overload
20260912-203110-018316,20260912-202344-186866,4,93.12,10,27487,21.0,21.0,210.0,577227.0,10.4,15.6,1.3,1.3,2839.2,11706163.56,4123.05,56,107,vampire;saving;double_shot;critical_power;damage_plus+population;gate_master+overload
20260912-203339-650051,20260912-202344-186866,5,100.142,10,14013,21.0,21.0,210.0,397268.55,10.4,10.4,1.5,1.5,3276.0,6197389.38,1891.755,124,127,vampire;saving;damage_plus+population;dividend;triple_shot;gate_master+overload;decapitate+overload
20260912-203612-052910,20260912-202344-186866,6,95.309,14,43071,22.0,22.0,326.48,1004415.72,11.872,17.472,1.5,1.5,5813.9558,26323727.1898,4527.6792,193,157,saving;damage_plus+population;dividend;triple_shot;gate_damage;gate_master+overload;growth_arsenal+overload
20260912-203804-425222,20260912-202344-186866,7,95.883,14,34812,22.0,22.0,344.96,857767.68,12.544,23.744,1.5,1.5,6490.7674,30550253.6909,4706.7245,431,213,damage_plus+population;dividend;triple_shot;gate_damage;population_fire;gate_master+overload;growth_arsenal+overload
20260912-204108-672486,20260912-202344-186866,8,94.929,26,1497537,25.0,25.0,767.0,57280790.25,16.384,22.784,1.5,1.5,18849.792,1957628287.584,103854.1055,19,285,damage_plus+population;triple_shot;composure;population_fire;gate_master+fire_rate;gate_master+overload;growth_arsenal+overload
20260912-204354-178917,20260912-202344-186866,9,66.544,1497537,3211705,25.0,25.0,46423647.0,99562855.0,23.552,23.552,1.5,1.5,1640054601.216,3517356541.44,2.1447,31,207,damage_plus+population;triple_shot;composure;population_fire;gate_master+fire_rate;gate_master+overload;growth_arsenal+overload
20260912-204446-206834,20260912-202344-186866,10,20.507,3051119,3132559,36.5,36.5,144775596.55,148639924.55,5.348,69.348,1.5,1.5,1161389835.5241,15461822231.5401,13.3132,50,55,damage_plus+population;triple_shot;gate_master+fire_rate;ramp_fire_pla;heavy_ca;gate_master+overload;growth_arsenal+overload
